		
		
empati, empatik	duyguda?l?k, duyguda?	
konsept	kavram	
konteyner	kap, yüklük, ta??ma kab?,  çelik sand?k	?lla konteyn?r'sa yaz?l??? konteyn?r, konteyner de?il. 'e' ile yaz?lan? çok dü?kün. 
konteyner ev	kap ev, çelik kutu ev, çelik ev	
link	ba?lant?	
klik (dü?meye/tu?a)	t?klama, basma, dokunma	
klik (ekip/çevre)	yanda? toplulu?u, yanda?lar, kapal? çevre, kapal? ekip, ekip, tak?m 	
Part 3	3. k?s?m	
karizma	etkileyicilik, çekicilik, albeni	
dizayn	tasar?m	
emülasyon	ayn?lama, öykünüm	
simulasyon 	benzetim 	
off the record	kay?t d???, aram?zda, buradan d??ar? ç?kmayacak	
plan	tasar?, düzen, yol haritas?	
format	?ekil, biçim, kal?p, düzen	
puzzle, paz?l	yapboz, bulmaca, parça bulmaca, parça birle?tirmece	
default	önayarl?, varsay?lan, ola?an, öncelikli 	
teori	kuram	
doktrin	ö?reti	
hipotez	denence, önsav, s?nama önermesi	
tez	sav	
